{
    "data_file": "sensor_data.json",
    "sample_rate": 0.1,
    "calibration": {
        "x_offset": -0.2332670677490233,
        "y_offset": -2.8024369852294932,
        "z_offset": 0.8054871451416029,
        "calibrated": true
    }
}