{
    "data_file": "sensor_data.json",
    "sample_rate": 0.1,
    "calibration": {
        "x_offset": -0.6104017132568358,
        "y_offset": -8.085865440795896,
        "z_offset": 4.864377219604495,
        "calibrated": true
    }
}